{
  "meta": {
    "V": 512,
    "T": 64,
    "D": 128,
    "steps": 8000,
    "kmax": 32,
    "eval_ks": [
      1,
      2,
      4,
      8,
      12,
      16,
      24,
      32
    ]
  },
  "random": {
    "trained": {
      "1": 0.0022,
      "2": 0.0023,
      "4": 0.0016,
      "8": 0.002,
      "12": 0.0019,
      "16": 0.002,
      "24": 0.002,
      "32": 0.002
    },
    "signal_K1": 0.0002,
    "k_cap_signal80": 1,
    "throughput": {
      "1": 0.0002,
      "2": 0.0007,
      "4": -0.0014,
      "8": 0.0004,
      "12": -0.0006,
      "16": 0.0008,
      "24": 0.0011,
      "32": 0.0015
    },
    "thru_max": 0.0015,
    "chance": 0.00195,
    "meta": {
      "autocorr_lag1": 0.0
    }
  },
  "text_bpe": {
    "trained": {
      "1": 0.3571,
      "2": 0.354,
      "4": 0.3637,
      "8": 0.3613,
      "12": 0.3556,
      "16": 0.3609,
      "24": 0.3567,
      "32": 0.3577
    },
    "signal_K1": 0.3551,
    "k_cap_signal80": 32,
    "throughput": {
      "1": 0.3551,
      "2": 0.7041,
      "4": 1.447,
      "8": 2.8748,
      "12": 4.2438,
      "16": 5.7431,
      "24": 8.5139,
      "32": 11.3839
    },
    "thru_max": 11.3839,
    "chance": 0.00195,
    "meta": {
      "tokens": 1372831,
      "autocorr_lag1": 0.0321
    }
  },
  "code": {
    "trained": {
      "1": 0.3185,
      "2": 0.3244,
      "4": 0.3244,
      "8": 0.3229,
      "12": 0.3236,
      "16": 0.3216,
      "24": 0.3249,
      "32": 0.3221
    },
    "signal_K1": 0.3165,
    "k_cap_signal80": 32,
    "throughput": {
      "1": 0.3165,
      "2": 0.6449,
      "4": 1.2898,
      "8": 2.5676,
      "12": 3.8598,
      "16": 5.1143,
      "24": 7.7507,
      "32": 10.2447
    },
    "thru_max": 10.2447,
    "chance": 0.00195,
    "meta": {
      "tokens": 1386955,
      "autocorr_lag1": 0.1796
    }
  }
}