{
  "model": "Qwen/Qwen2.5-0.5B",
  "layer": 12,
  "alpha": 15.0,
  "behaviors": [
    "sentiment",
    "language",
    "verbosity",
    "topic_food"
  ],
  "baseline_scores": [
    0.06666660000006668,
    -1.0,
    0.6133333333333334,
    -1.0
  ],
  "raw_cosine_matrix": [
    [
      1.0,
      0.028600767254829407,
      -0.0633513331413269,
      0.02105676755309105
    ],
    [
      0.028600767254829407,
      0.9999999403953552,
      -0.02037610486149788,
      -0.11995856463909149
    ],
    [
      -0.0633513331413269,
      -0.02037610486149788,
      1.0,
      -0.005625922232866287
    ],
    [
      0.02105676755309105,
      -0.11995856463909149,
      -0.005625922232866287,
      0.9999998807907104
    ]
  ],
  "conditions": {
    "SINGLE": {
      "description": "Each behavior steered alone. Matrix[i][j] = effect on j when steering i.",
      "interference_matrix": [
        [
          0.13333320000013335,
          -1.0,
          0.4033333333333334,
          -1.0
        ],
        [
          0.0,
          0.12666666666666673,
          0.44666666666666666,
          -1.0
        ],
        [
          0.0,
          -1.0,
          0.7433333333333334,
          -1.0
        ],
        [
          0.33333303333361664,
          -1.0,
          0.5066666666666666,
          -0.6
        ]
      ],
      "on_target_effects": [
        0.06666660000006668,
        1.1266666666666667,
        0.13,
        0.4
      ],
      "mean_off_target_leakage": [
        0.07,
        0.07777775555557781,
        0.022222200000022226,
        0.12444436666673891
      ]
    },
    "NAIVE_MULTI": {
      "description": "All K raw vectors added simultaneously.",
      "mean_scores": [
        0.0,
        0.013333333333333404,
        0.8433333333333334,
        -0.9666666666666667
      ],
      "on_target_effects": [
        -0.06666660000006668,
        1.0133333333333334,
        0.22999999999999998,
        0.033333333333333326
      ],
      "on_target_retention": [
        -0.999985000209997,
        0.8994074857330009,
        1.7692171598680009,
        0.08333312500052081
      ],
      "cross_coupling_matrix": [
        [
          -0.13333320000013335,
          1.0133333333333334,
          0.44,
          0.033333333333333326
        ],
        [
          0.0,
          -0.11333333333333329,
          0.3966666666666667,
          0.033333333333333326
        ],
        [
          0.0,
          1.0133333333333334,
          0.09999999999999998,
          0.033333333333333326
        ],
        [
          -0.33333303333361664,
          1.0133333333333334,
          0.3366666666666668,
          -0.3666666666666667
        ]
      ],
      "mean_off_target_cross_coupling": 0.3872221972222459,
      "mean_on_target_retention": 0.4379931925978814
    },
    "ORTHO_MULTI": {
      "description": "All K Gram-Schmidt orthogonalized vectors added simultaneously.",
      "mean_scores": [
        0.0,
        0.0733333333333334,
        0.7500000000000001,
        -0.9666666666666667
      ],
      "on_target_effects": [
        -0.06666660000006668,
        1.0733333333333335,
        0.13666666666666671,
        0.033333333333333326
      ],
      "on_target_retention": [
        -0.999985000209997,
        0.9526618763356128,
        1.0512739645592473,
        0.08333312500052081
      ],
      "cross_coupling_matrix": [
        [
          -0.13333320000013335,
          1.0733333333333335,
          0.34666666666666673,
          0.033333333333333326
        ],
        [
          0.0,
          -0.05333333333333323,
          0.30333333333333345,
          0.033333333333333326
        ],
        [
          0.0,
          1.0733333333333335,
          0.00666666666666671,
          0.033333333333333326
        ],
        [
          -0.33333303333361664,
          1.0733333333333335,
          0.2433333333333335,
          -0.3666666666666667
        ]
      ],
      "mean_off_target_cross_coupling": 0.3788888638889126,
      "mean_on_target_retention": 0.27182099142134597
    },
    "RANDOM_CONTROL": {
      "description": "K random orthogonal vectors \u2014 should show ~0 on-target effect.",
      "mean_scores": [
        0.0,
        -1.0,
        -0.3566666666666667,
        -1.0
      ],
      "on_target_effects": [
        -0.06666660000006668,
        0.0,
        -0.9700000000000001,
        0.0
      ],
      "delta_from_baseline": [
        -0.06666660000006668,
        0.0,
        -0.9700000000000001,
        0.0
      ]
    }
  },
  "summary": {
    "naive_mean_on_target_retention": 0.4379931925978814,
    "ortho_mean_on_target_retention": 0.27182099142134597,
    "naive_mean_off_target_cross_coupling": 0.3872221972222459,
    "ortho_mean_off_target_cross_coupling": 0.3788888638889126,
    "cross_coupling_reduction_pct": 2.1520749255500844,
    "ortho_better_leakage": true,
    "ortho_better_retention": false
  },
  "verdict": "PARTIAL ORTHO: cross-coupling down 2.2% but on-target retention also drops (ortho 0.272 vs naive 0.438). Trade-off exists."
}