{
  "meta": {
    "V": 512,
    "T": 64,
    "D": 128,
    "steps": 8000,
    "mask_frac": 0.5,
    "eval_ks": [
      1,
      2,
      3,
      4,
      6,
      8
    ]
  },
  "random": {
    "trained": {
      "1": 0.0019,
      "2": 0.0019,
      "3": 0.0022,
      "4": 0.002,
      "6": 0.0019,
      "8": 0.0022
    },
    "signal_K1": -0.0001,
    "k_cap_signal80": 1,
    "throughput": {
      "1": -0.0001,
      "2": -0.0001,
      "3": 0.0007,
      "4": 0.0002,
      "6": -0.0003,
      "8": 0.002
    },
    "thru_max": 0.002,
    "chance": 0.00195
  },
  "text_bpe": {
    "trained": {
      "1": 0.3723,
      "2": 0.3669,
      "3": 0.365,
      "4": 0.362,
      "6": 0.36,
      "8": 0.3582
    },
    "signal_K1": 0.3703,
    "k_cap_signal80": 8,
    "throughput": {
      "1": 0.3703,
      "2": 0.7299,
      "3": 1.0891,
      "4": 1.4402,
      "6": 2.1483,
      "8": 2.85
    },
    "thru_max": 2.85,
    "chance": 0.00195
  },
  "image": {
    "trained": {
      "1": 0.1996,
      "2": 0.1916,
      "3": 0.1732,
      "4": 0.1687,
      "6": 0.1465,
      "8": 0.1145
    },
    "signal_K1": 0.1976,
    "k_cap_signal80": 4,
    "throughput": {
      "1": 0.1976,
      "2": 0.3793,
      "3": 0.5137,
      "4": 0.667,
      "6": 0.8673,
      "8": 0.9004
    },
    "thru_max": 0.9004,
    "chance": 0.00195
  }
}